CREATE DATABASE  IF NOT EXISTS `TBD_2019_1` /*!40100 DEFAULT CHARACTER SET utf8 */;
USE `TBD_2019_1`;
-- MySQL dump 10.13  Distrib 8.0.16, for Win64 (x86_64)
--
-- Host: 35.239.196.41    Database: TBD_2019_1
-- ------------------------------------------------------
-- Server version	5.7.14-google

/*!40101 SET @OLD_CHARACTER_SET_CLIENT=@@CHARACTER_SET_CLIENT */;
/*!40101 SET @OLD_CHARACTER_SET_RESULTS=@@CHARACTER_SET_RESULTS */;
/*!40101 SET @OLD_COLLATION_CONNECTION=@@COLLATION_CONNECTION */;
 SET NAMES utf8 ;
/*!40103 SET @OLD_TIME_ZONE=@@TIME_ZONE */;
/*!40103 SET TIME_ZONE='+00:00' */;
/*!40014 SET @OLD_UNIQUE_CHECKS=@@UNIQUE_CHECKS, UNIQUE_CHECKS=0 */;
/*!40014 SET @OLD_FOREIGN_KEY_CHECKS=@@FOREIGN_KEY_CHECKS, FOREIGN_KEY_CHECKS=0 */;
/*!40101 SET @OLD_SQL_MODE=@@SQL_MODE, SQL_MODE='NO_AUTO_VALUE_ON_ZERO' */;
/*!40111 SET @OLD_SQL_NOTES=@@SQL_NOTES, SQL_NOTES=0 */;

--
-- Table structure for table `ACUERDO`
--

DROP TABLE IF EXISTS `ACUERDO`;
/*!40101 SET @saved_cs_client     = @@character_set_client */;
 SET character_set_client = utf8mb4 ;
CREATE TABLE `ACUERDO` (
  `ID_ACUERDO` int(11) NOT NULL AUTO_INCREMENT,
  `ID_PROPUESTA` int(11) NOT NULL,
  `ID_PROYECTO` int(11) NOT NULL,
  `FECHA_CREACION_ACUERDO` datetime NOT NULL,
  `FECHA_INICIO_TRABAJO` datetime NOT NULL,
  `FECHA_TERMINO_TENTATIVA` datetime NOT NULL,
  `FECHA_TERMINO_TRABAJO` datetime DEFAULT NULL,
  `FECHA_ACTUALIZACION_ACUERDO` datetime DEFAULT NULL,
  `ESTADO_ACUERDO` int(11) NOT NULL,
  `SOFT_DELETE_ACUERDO` tinyint(1) NOT NULL DEFAULT '1',
  PRIMARY KEY (`ID_ACUERDO`),
  UNIQUE KEY `ID_ACUERDO_UNIQUE` (`ID_ACUERDO`),
  UNIQUE KEY `ID_PROPUESTA_UNIQUE` (`ID_PROPUESTA`),
  KEY `FK_RELATIONSHIP_20` (`ID_PROYECTO`),
  CONSTRAINT `FK_RELATIONSHIP_19` FOREIGN KEY (`ID_PROPUESTA`) REFERENCES `PROPUESTA` (`ID_PROPUESTA`),
  CONSTRAINT `FK_RELATIONSHIP_20` FOREIGN KEY (`ID_PROYECTO`) REFERENCES `PROYECTO` (`ID_PROYECTO`)
) ENGINE=InnoDB DEFAULT CHARSET=utf8;
/*!40101 SET character_set_client = @saved_cs_client */;

--
-- Dumping data for table `ACUERDO`
--

LOCK TABLES `ACUERDO` WRITE;
/*!40000 ALTER TABLE `ACUERDO` DISABLE KEYS */;
/*!40000 ALTER TABLE `ACUERDO` ENABLE KEYS */;
UNLOCK TABLES;

--
-- Table structure for table `ASIGNACION`
--

DROP TABLE IF EXISTS `ASIGNACION`;
/*!40101 SET @saved_cs_client     = @@character_set_client */;
 SET character_set_client = utf8mb4 ;
CREATE TABLE `ASIGNACION` (
  `ID_USUARIO` int(11) NOT NULL,
  `ID_GRUPO_PRIVILEGIO_USUARIO` int(11) NOT NULL,
  `HABILITADO` tinyint(1) NOT NULL,
  KEY `FK_RELATIONSHIP_14` (`ID_USUARIO`),
  KEY `FK_RELATIONSHIP_15` (`ID_GRUPO_PRIVILEGIO_USUARIO`),
  CONSTRAINT `FK_RELATIONSHIP_14` FOREIGN KEY (`ID_USUARIO`) REFERENCES `USUARIO` (`ID_USUARIO`),
  CONSTRAINT `FK_RELATIONSHIP_15` FOREIGN KEY (`ID_GRUPO_PRIVILEGIO_USUARIO`) REFERENCES `GRUPO_PRIVILEGIO_USUARIO` (`ID_GRUPO_PRIVILEGIO_USUARIO`)
) ENGINE=InnoDB DEFAULT CHARSET=utf8;
/*!40101 SET character_set_client = @saved_cs_client */;

--
-- Dumping data for table `ASIGNACION`
--

LOCK TABLES `ASIGNACION` WRITE;
/*!40000 ALTER TABLE `ASIGNACION` DISABLE KEYS */;
INSERT INTO `ASIGNACION` VALUES (1,1,3),(4,1,5);
/*!40000 ALTER TABLE `ASIGNACION` ENABLE KEYS */;
UNLOCK TABLES;

--
-- Table structure for table `ASIGNACION_PRIVILEGIO`
--

DROP TABLE IF EXISTS `ASIGNACION_PRIVILEGIO`;
/*!40101 SET @saved_cs_client     = @@character_set_client */;
 SET character_set_client = utf8mb4 ;
CREATE TABLE `ASIGNACION_PRIVILEGIO` (
  `ID_PRIVILEGIO` int(11) NOT NULL,
  `ID_GRUPO_PRIVILEGIO_USUARIO` int(11) NOT NULL,
  `TIMESTAMP_ASIGNACION_P` timestamp NOT NULL DEFAULT CURRENT_TIMESTAMP ON UPDATE CURRENT_TIMESTAMP,
  KEY `FK_RELATIONSHIP_48` (`ID_GRUPO_PRIVILEGIO_USUARIO`),
  KEY `FK_RELATIONSHIP_49` (`ID_PRIVILEGIO`),
  CONSTRAINT `FK_RELATIONSHIP_48` FOREIGN KEY (`ID_GRUPO_PRIVILEGIO_USUARIO`) REFERENCES `GRUPO_PRIVILEGIO_USUARIO` (`ID_GRUPO_PRIVILEGIO_USUARIO`),
  CONSTRAINT `FK_RELATIONSHIP_49` FOREIGN KEY (`ID_PRIVILEGIO`) REFERENCES `PRIVILEGIO` (`ID_PRIVILEGIO`)
) ENGINE=InnoDB DEFAULT CHARSET=utf8;
/*!40101 SET character_set_client = @saved_cs_client */;

--
-- Dumping data for table `ASIGNACION_PRIVILEGIO`
--

LOCK TABLES `ASIGNACION_PRIVILEGIO` WRITE;
/*!40000 ALTER TABLE `ASIGNACION_PRIVILEGIO` DISABLE KEYS */;
/*!40000 ALTER TABLE `ASIGNACION_PRIVILEGIO` ENABLE KEYS */;
UNLOCK TABLES;

--
-- Table structure for table `BOLETA_FACTURA`
--

DROP TABLE IF EXISTS `BOLETA_FACTURA`;
/*!40101 SET @saved_cs_client     = @@character_set_client */;
 SET character_set_client = utf8mb4 ;
CREATE TABLE `BOLETA_FACTURA` (
  `ID_BOLETA` int(11) NOT NULL AUTO_INCREMENT,
  `ID_ACUERDO` int(11) NOT NULL,
  `ID_PAGO` int(11) DEFAULT NULL,
  `ID_PAIS` int(11) NOT NULL,
  `ID_ESTADO_BOLETA` int(11) NOT NULL,
  `MONTO_NETO_USD` float NOT NULL,
  `MONTO_NETO_LOCAL` float NOT NULL,
  `MONTO_IMPUESTO_LOCAL` float NOT NULL,
  `MONTO_ESTUDIANTE_LOCAL` float NOT NULL,
  `REFERENCIA_BOLETA` varchar(100) NOT NULL,
  PRIMARY KEY (`ID_BOLETA`),
  UNIQUE KEY `ID_BOLETA_UNIQUE` (`ID_BOLETA`),
  UNIQUE KEY `ID_PAGO_UNIQUE` (`ID_PAGO`),
  KEY `FK_RELATIONSHIP_21` (`ID_ACUERDO`),
  KEY `FK_RELATIONSHIP_24` (`ID_PAIS`),
  KEY `FK_RELATIONSHIP_37` (`ID_ESTADO_BOLETA`),
  CONSTRAINT `FK_RELATIONSHIP_21` FOREIGN KEY (`ID_ACUERDO`) REFERENCES `ACUERDO` (`ID_ACUERDO`),
  CONSTRAINT `FK_RELATIONSHIP_22` FOREIGN KEY (`ID_PAGO`) REFERENCES `PAGO` (`ID_PAGO`),
  CONSTRAINT `FK_RELATIONSHIP_24` FOREIGN KEY (`ID_PAIS`) REFERENCES `PAIS` (`ID_PAIS`),
  CONSTRAINT `FK_RELATIONSHIP_37` FOREIGN KEY (`ID_ESTADO_BOLETA`) REFERENCES `ESTADO_BOLETA` (`ID_ESTADO_BOLETA`)
) ENGINE=InnoDB DEFAULT CHARSET=utf8;
/*!40101 SET character_set_client = @saved_cs_client */;

--
-- Dumping data for table `BOLETA_FACTURA`
--

LOCK TABLES `BOLETA_FACTURA` WRITE;
/*!40000 ALTER TABLE `BOLETA_FACTURA` DISABLE KEYS */;
/*!40000 ALTER TABLE `BOLETA_FACTURA` ENABLE KEYS */;
UNLOCK TABLES;

--
-- Table structure for table `CALIFICACION_ESTUDIANTE`
--

DROP TABLE IF EXISTS `CALIFICACION_ESTUDIANTE`;
/*!40101 SET @saved_cs_client     = @@character_set_client */;
 SET character_set_client = utf8mb4 ;
CREATE TABLE `CALIFICACION_ESTUDIANTE` (
  `ID_CALIFICACION_ESTUDIANTE` int(11) NOT NULL AUTO_INCREMENT,
  `ID_ESTUDIANTE` int(11) NOT NULL,
  `CALIFICACION_ESTUDIANTE` int(11) NOT NULL DEFAULT '1',
  `COMENTARIO_CAL_ESTUDIANTE` text,
  `FECHA_INGRESO_CALIFICACION` datetime NOT NULL,
  PRIMARY KEY (`ID_CALIFICACION_ESTUDIANTE`),
  UNIQUE KEY `ID_CALIFICACION_ESTUDIANTE_UNIQUE` (`ID_CALIFICACION_ESTUDIANTE`),
  KEY `FK_RELATIONSHIP_33` (`ID_ESTUDIANTE`),
  CONSTRAINT `FK_RELATIONSHIP_33` FOREIGN KEY (`ID_ESTUDIANTE`) REFERENCES `ESTUDIANTE` (`ID_ESTUDIANTE`)
) ENGINE=InnoDB DEFAULT CHARSET=utf8;
/*!40101 SET character_set_client = @saved_cs_client */;

--
-- Dumping data for table `CALIFICACION_ESTUDIANTE`
--

LOCK TABLES `CALIFICACION_ESTUDIANTE` WRITE;
/*!40000 ALTER TABLE `CALIFICACION_ESTUDIANTE` DISABLE KEYS */;
/*!40000 ALTER TABLE `CALIFICACION_ESTUDIANTE` ENABLE KEYS */;
UNLOCK TABLES;

--
-- Table structure for table `CALIFICACION_PROYECTO`
--

DROP TABLE IF EXISTS `CALIFICACION_PROYECTO`;
/*!40101 SET @saved_cs_client     = @@character_set_client */;
 SET character_set_client = utf8mb4 ;
CREATE TABLE `CALIFICACION_PROYECTO` (
  `ID_CALIFICACION_PROYECTO` int(11) NOT NULL AUTO_INCREMENT,
  `ID_PROYECTO` int(11) NOT NULL,
  `CALIFICACION_PROYECTO` int(11) NOT NULL DEFAULT '1',
  `COMENTARIO_CAL_PROY` text,
  `FECHA_INGRESO_CAL_PROY` datetime NOT NULL,
  PRIMARY KEY (`ID_CALIFICACION_PROYECTO`),
  UNIQUE KEY `ID_CALIFICACION_PROYECTO_UNIQUE` (`ID_CALIFICACION_PROYECTO`),
  KEY `FK_RELATIONSHIP_45` (`ID_PROYECTO`),
  CONSTRAINT `FK_RELATIONSHIP_45` FOREIGN KEY (`ID_PROYECTO`) REFERENCES `PROYECTO` (`ID_PROYECTO`)
) ENGINE=InnoDB DEFAULT CHARSET=utf8;
/*!40101 SET character_set_client = @saved_cs_client */;

--
-- Dumping data for table `CALIFICACION_PROYECTO`
--

LOCK TABLES `CALIFICACION_PROYECTO` WRITE;
/*!40000 ALTER TABLE `CALIFICACION_PROYECTO` DISABLE KEYS */;
/*!40000 ALTER TABLE `CALIFICACION_PROYECTO` ENABLE KEYS */;
UNLOCK TABLES;

--
-- Table structure for table `CARGO`
--

DROP TABLE IF EXISTS `CARGO`;
/*!40101 SET @saved_cs_client     = @@character_set_client */;
 SET character_set_client = utf8mb4 ;
CREATE TABLE `CARGO` (
  `ID_CARGO` int(11) NOT NULL AUTO_INCREMENT,
  `NOMBRE_CARGO` varchar(50) NOT NULL,
  `DESCRIPCION_CARGO` text,
  PRIMARY KEY (`ID_CARGO`),
  UNIQUE KEY `ID_CARGO_UNIQUE` (`ID_CARGO`)
) ENGINE=InnoDB AUTO_INCREMENT=5 DEFAULT CHARSET=utf8;
/*!40101 SET character_set_client = @saved_cs_client */;

--
-- Dumping data for table `CARGO`
--

LOCK TABLES `CARGO` WRITE;
/*!40000 ALTER TABLE `CARGO` DISABLE KEYS */;
INSERT INTO `CARGO` VALUES (1,'Gerente','gerente de empresa'),(2,'Particular','sin empresa, persona natural'),(3,'Administracion','NN'),(4,'Jefe de Proyectos TI','jefe de seccion TI');
/*!40000 ALTER TABLE `CARGO` ENABLE KEYS */;
UNLOCK TABLES;

--
-- Table structure for table `CATEGORIA`
--

DROP TABLE IF EXISTS `CATEGORIA`;
/*!40101 SET @saved_cs_client     = @@character_set_client */;
 SET character_set_client = utf8mb4 ;
CREATE TABLE `CATEGORIA` (
  `ID_CATEGORIA` int(11) NOT NULL AUTO_INCREMENT,
  `NOMBRE_CATEGORIA_HAB` varchar(50) NOT NULL,
  `DESCRIPCION_CATEGORIA` text,
  PRIMARY KEY (`ID_CATEGORIA`),
  UNIQUE KEY `ID_CATEGORIA_UNIQUE` (`ID_CATEGORIA`)
) ENGINE=InnoDB DEFAULT CHARSET=utf8;
/*!40101 SET character_set_client = @saved_cs_client */;

--
-- Dumping data for table `CATEGORIA`
--

LOCK TABLES `CATEGORIA` WRITE;
/*!40000 ALTER TABLE `CATEGORIA` DISABLE KEYS */;
/*!40000 ALTER TABLE `CATEGORIA` ENABLE KEYS */;
UNLOCK TABLES;

--
-- Table structure for table `CATEGORIA_HABILIDAD`
--

DROP TABLE IF EXISTS `CATEGORIA_HABILIDAD`;
/*!40101 SET @saved_cs_client     = @@character_set_client */;
 SET character_set_client = utf8mb4 ;
CREATE TABLE `CATEGORIA_HABILIDAD` (
  `ID_CATEGORIA` int(11) NOT NULL,
  `ID_HABILIDAD` int(11) NOT NULL,
  `TIMESTAMP_CAT_HAB` timestamp NOT NULL DEFAULT CURRENT_TIMESTAMP ON UPDATE CURRENT_TIMESTAMP,
  KEY `FK_RELATIONSHIP_28` (`ID_HABILIDAD`),
  KEY `FK_RELATIONSHIP_29` (`ID_CATEGORIA`),
  CONSTRAINT `FK_RELATIONSHIP_28` FOREIGN KEY (`ID_HABILIDAD`) REFERENCES `HABILIDAD` (`ID_HABILIDAD`),
  CONSTRAINT `FK_RELATIONSHIP_29` FOREIGN KEY (`ID_CATEGORIA`) REFERENCES `CATEGORIA` (`ID_CATEGORIA`)
) ENGINE=InnoDB DEFAULT CHARSET=utf8;
/*!40101 SET character_set_client = @saved_cs_client */;

--
-- Dumping data for table `CATEGORIA_HABILIDAD`
--

LOCK TABLES `CATEGORIA_HABILIDAD` WRITE;
/*!40000 ALTER TABLE `CATEGORIA_HABILIDAD` DISABLE KEYS */;
/*!40000 ALTER TABLE `CATEGORIA_HABILIDAD` ENABLE KEYS */;
UNLOCK TABLES;

--
-- Table structure for table `CATEGORIA_PROYECTO`
--

DROP TABLE IF EXISTS `CATEGORIA_PROYECTO`;
/*!40101 SET @saved_cs_client     = @@character_set_client */;
 SET character_set_client = utf8mb4 ;
CREATE TABLE `CATEGORIA_PROYECTO` (
  `ID_CATEGORIA_PROYECTO` int(11) NOT NULL AUTO_INCREMENT,
  `ID_RANGO_COSTO` int(11) NOT NULL,
  `NOMBRE_CATEGORIA_PROY` varchar(50) NOT NULL,
  `PROM_DIF_REQ` float NOT NULL,
  `PROM_DIF_HAB` float NOT NULL,
  PRIMARY KEY (`ID_CATEGORIA_PROYECTO`),
  UNIQUE KEY `ID_CATEGORIA_PROYECTO_UNIQUE` (`ID_CATEGORIA_PROYECTO`),
  KEY `FK_RELATIONSHIP_35` (`ID_RANGO_COSTO`),
  CONSTRAINT `FK_RELATIONSHIP_35` FOREIGN KEY (`ID_RANGO_COSTO`) REFERENCES `RANGO_COSTO_CATEGORIA` (`ID_RANGO_COSTO`)
) ENGINE=InnoDB DEFAULT CHARSET=utf8;
/*!40101 SET character_set_client = @saved_cs_client */;

--
-- Dumping data for table `CATEGORIA_PROYECTO`
--

LOCK TABLES `CATEGORIA_PROYECTO` WRITE;
/*!40000 ALTER TABLE `CATEGORIA_PROYECTO` DISABLE KEYS */;
/*!40000 ALTER TABLE `CATEGORIA_PROYECTO` ENABLE KEYS */;
UNLOCK TABLES;

--
-- Table structure for table `CIUDAD`
--

DROP TABLE IF EXISTS `CIUDAD`;
/*!40101 SET @saved_cs_client     = @@character_set_client */;
 SET character_set_client = utf8mb4 ;
CREATE TABLE `CIUDAD` (
  `ID_CIUDAD` int(11) NOT NULL AUTO_INCREMENT,
  `ID_REGION` int(11) DEFAULT NULL,
  `ID_PAIS` int(11) NOT NULL,
  `NOMBRE_CIUDAD` varchar(50) NOT NULL,
  `CODIGO_POSTAL` varchar(15) NOT NULL,
  PRIMARY KEY (`ID_CIUDAD`),
  UNIQUE KEY `ID_CIUDAD_UNIQUE` (`ID_CIUDAD`),
  KEY `FK_RELATIONSHIP_10` (`ID_PAIS`),
  KEY `FK_RELATIONSHIP_12` (`ID_REGION`),
  CONSTRAINT `FK_RELATIONSHIP_10` FOREIGN KEY (`ID_PAIS`) REFERENCES `PAIS` (`ID_PAIS`),
  CONSTRAINT `FK_RELATIONSHIP_12` FOREIGN KEY (`ID_REGION`) REFERENCES `REGION_ESTADO` (`ID_REGION`)
) ENGINE=InnoDB DEFAULT CHARSET=utf8;
/*!40101 SET character_set_client = @saved_cs_client */;

--
-- Dumping data for table `CIUDAD`
--

LOCK TABLES `CIUDAD` WRITE;
/*!40000 ALTER TABLE `CIUDAD` DISABLE KEYS */;
/*!40000 ALTER TABLE `CIUDAD` ENABLE KEYS */;
UNLOCK TABLES;

--
-- Table structure for table `COMISION_RANGO_PROYECTO`
--

DROP TABLE IF EXISTS `COMISION_RANGO_PROYECTO`;
/*!40101 SET @saved_cs_client     = @@character_set_client */;
 SET character_set_client = utf8mb4 ;
CREATE TABLE `COMISION_RANGO_PROYECTO` (
  `ID_COMISION` int(11) NOT NULL AUTO_INCREMENT,
  `NOMBRE_COMISION` varchar(50) NOT NULL,
  `PORCENTAJE_COMISION` float NOT NULL,
  `FECHA_ACTUALIZACION_COMISION` datetime DEFAULT NULL,
  PRIMARY KEY (`ID_COMISION`),
  UNIQUE KEY `ID_COMISION_UNIQUE` (`ID_COMISION`)
) ENGINE=InnoDB AUTO_INCREMENT=4 DEFAULT CHARSET=utf8;
/*!40101 SET character_set_client = @saved_cs_client */;

--
-- Dumping data for table `COMISION_RANGO_PROYECTO`
--

LOCK TABLES `COMISION_RANGO_PROYECTO` WRITE;
/*!40000 ALTER TABLE `COMISION_RANGO_PROYECTO` DISABLE KEYS */;
INSERT INTO `COMISION_RANGO_PROYECTO` VALUES (1,'Utabbqua juccunvnkhprpl tc',0.55,'2018-01-01 00:00:00'),(2,'Glkjxd atwuuwowpq',1.1,'2018-06-15 10:29:50'),(3,'Ctlpfwriqonliuochg',0,'2018-10-08 19:08:49');
/*!40000 ALTER TABLE `COMISION_RANGO_PROYECTO` ENABLE KEYS */;
UNLOCK TABLES;

--
-- Table structure for table `CONVERSION_MONEDA`
--

DROP TABLE IF EXISTS `CONVERSION_MONEDA`;
/*!40101 SET @saved_cs_client     = @@character_set_client */;
 SET character_set_client = utf8mb4 ;
CREATE TABLE `CONVERSION_MONEDA` (
  `ID__CONVERSION_MONEDA` int(11) NOT NULL AUTO_INCREMENT,
  `ID_PAIS` int(11) NOT NULL,
  `NOMBRE_MONEDA` varchar(50) NOT NULL,
  `CONVERSION_USD` float NOT NULL,
  `FECHA_CONVERSION` datetime NOT NULL,
  PRIMARY KEY (`ID__CONVERSION_MONEDA`),
  UNIQUE KEY `ID__CONVERSION_MONEDA_UNIQUE` (`ID__CONVERSION_MONEDA`),
  KEY `FK_RELATIONSHIP_13` (`ID_PAIS`),
  CONSTRAINT `FK_RELATIONSHIP_13` FOREIGN KEY (`ID_PAIS`) REFERENCES `PAIS` (`ID_PAIS`)
) ENGINE=InnoDB DEFAULT CHARSET=utf8;
/*!40101 SET character_set_client = @saved_cs_client */;

--
-- Dumping data for table `CONVERSION_MONEDA`
--

LOCK TABLES `CONVERSION_MONEDA` WRITE;
/*!40000 ALTER TABLE `CONVERSION_MONEDA` DISABLE KEYS */;
/*!40000 ALTER TABLE `CONVERSION_MONEDA` ENABLE KEYS */;
UNLOCK TABLES;

--
-- Table structure for table `DEPARTAMENTO`
--

DROP TABLE IF EXISTS `DEPARTAMENTO`;
/*!40101 SET @saved_cs_client     = @@character_set_client */;
 SET character_set_client = utf8mb4 ;
CREATE TABLE `DEPARTAMENTO` (
  `ID_DEPARTAMENTO` int(11) NOT NULL AUTO_INCREMENT,
  `ID_UNIVERSIDAD` int(11) NOT NULL,
  `NOMBRE_DEPARTAMENTO` varchar(50) NOT NULL,
  PRIMARY KEY (`ID_DEPARTAMENTO`),
  UNIQUE KEY `ID_DEPARTAMENTO_UNIQUE` (`ID_DEPARTAMENTO`),
  KEY `FK_RELATIONSHIP_6` (`ID_UNIVERSIDAD`),
  CONSTRAINT `FK_RELATIONSHIP_6` FOREIGN KEY (`ID_UNIVERSIDAD`) REFERENCES `UNIVERSIDAD` (`ID_UNIVERSIDAD`)
) ENGINE=InnoDB AUTO_INCREMENT=6 DEFAULT CHARSET=utf8;
/*!40101 SET character_set_client = @saved_cs_client */;

--
-- Dumping data for table `DEPARTAMENTO`
--

LOCK TABLES `DEPARTAMENTO` WRITE;
/*!40000 ALTER TABLE `DEPARTAMENTO` DISABLE KEYS */;
INSERT INTO `DEPARTAMENTO` VALUES (1,1,'Ingenieria Informatica'),(2,2,'Ingenieria Informatica'),(3,2,'Diseño y Comunicacion'),(4,2,'Facultad Tecnologica'),(5,1,'Telecomunicaciones');
/*!40000 ALTER TABLE `DEPARTAMENTO` ENABLE KEYS */;
UNLOCK TABLES;

--
-- Table structure for table `DIRECCION`
--

DROP TABLE IF EXISTS `DIRECCION`;
/*!40101 SET @saved_cs_client     = @@character_set_client */;
 SET character_set_client = utf8mb4 ;
CREATE TABLE `DIRECCION` (
  `ID_DIRECCION` int(11) NOT NULL AUTO_INCREMENT,
  `ID_CIUDAD` int(11) NOT NULL,
  `ID_UNIVERSIDAD` int(11) NOT NULL,
  `CALLE` varchar(50) NOT NULL,
  `NUMERO` varchar(10) NOT NULL,
  `DEPARTAMENTO` varchar(10) DEFAULT NULL,
  `TIPO_DIRECCION` int(11) NOT NULL,
  PRIMARY KEY (`ID_DIRECCION`),
  UNIQUE KEY `ID_DIRECCION_UNIQUE` (`ID_DIRECCION`),
  KEY `FK_RELATIONSHIP_32` (`ID_UNIVERSIDAD`),
  KEY `FK_RELATIONSHIP_9` (`ID_CIUDAD`),
  CONSTRAINT `FK_RELATIONSHIP_32` FOREIGN KEY (`ID_UNIVERSIDAD`) REFERENCES `UNIVERSIDAD` (`ID_UNIVERSIDAD`),
  CONSTRAINT `FK_RELATIONSHIP_9` FOREIGN KEY (`ID_CIUDAD`) REFERENCES `CIUDAD` (`ID_CIUDAD`)
) ENGINE=InnoDB DEFAULT CHARSET=utf8;
/*!40101 SET character_set_client = @saved_cs_client */;

--
-- Dumping data for table `DIRECCION`
--

LOCK TABLES `DIRECCION` WRITE;
/*!40000 ALTER TABLE `DIRECCION` DISABLE KEYS */;
/*!40000 ALTER TABLE `DIRECCION` ENABLE KEYS */;
UNLOCK TABLES;

--
-- Table structure for table `DIRECCION_USUARIO`
--

DROP TABLE IF EXISTS `DIRECCION_USUARIO`;
/*!40101 SET @saved_cs_client     = @@character_set_client */;
 SET character_set_client = utf8mb4 ;
CREATE TABLE `DIRECCION_USUARIO` (
  `ID_DIRECCION_USUARIO` int(11) NOT NULL AUTO_INCREMENT,
  `ID_USUARIO` int(11) NOT NULL,
  `ID_DIRECCION` int(11) NOT NULL,
  `DIRECCION_HABILITADA` tinyint(1) NOT NULL,
  `DIRECCION_FACTURACION` tinyint(1) NOT NULL,
  PRIMARY KEY (`ID_DIRECCION_USUARIO`),
  UNIQUE KEY `ID_DIRECCION_USUARIO_UNIQUE` (`ID_DIRECCION_USUARIO`),
  KEY `FK_RELATIONSHIP_43` (`ID_DIRECCION`),
  KEY `FK_RELATIONSHIP_44` (`ID_USUARIO`),
  CONSTRAINT `FK_RELATIONSHIP_43` FOREIGN KEY (`ID_DIRECCION`) REFERENCES `DIRECCION` (`ID_DIRECCION`),
  CONSTRAINT `FK_RELATIONSHIP_44` FOREIGN KEY (`ID_USUARIO`) REFERENCES `USUARIO` (`ID_USUARIO`)
) ENGINE=InnoDB DEFAULT CHARSET=utf8;
/*!40101 SET character_set_client = @saved_cs_client */;

--
-- Dumping data for table `DIRECCION_USUARIO`
--

LOCK TABLES `DIRECCION_USUARIO` WRITE;
/*!40000 ALTER TABLE `DIRECCION_USUARIO` DISABLE KEYS */;
/*!40000 ALTER TABLE `DIRECCION_USUARIO` ENABLE KEYS */;
UNLOCK TABLES;

--
-- Table structure for table `EMPRESA`
--

DROP TABLE IF EXISTS `EMPRESA`;
/*!40101 SET @saved_cs_client     = @@character_set_client */;
 SET character_set_client = utf8mb4 ;
CREATE TABLE `EMPRESA` (
  `ID_EMPRESA` int(11) NOT NULL AUTO_INCREMENT,
  `RAZON_SOCIAL` varchar(50) NOT NULL,
  `RUN` varchar(20) NOT NULL,
  PRIMARY KEY (`ID_EMPRESA`),
  UNIQUE KEY `ID_EMPRESA_UNIQUE` (`ID_EMPRESA`)
) ENGINE=InnoDB AUTO_INCREMENT=2 DEFAULT CHARSET=utf8;
/*!40101 SET character_set_client = @saved_cs_client */;

--
-- Dumping data for table `EMPRESA`
--

LOCK TABLES `EMPRESA` WRITE;
/*!40000 ALTER TABLE `EMPRESA` DISABLE KEYS */;
INSERT INTO `EMPRESA` VALUES (1,'TecnoFlash','11457521-3');
/*!40000 ALTER TABLE `EMPRESA` ENABLE KEYS */;
UNLOCK TABLES;

--
-- Table structure for table `ESTADO_BOLETA`
--

DROP TABLE IF EXISTS `ESTADO_BOLETA`;
/*!40101 SET @saved_cs_client     = @@character_set_client */;
 SET character_set_client = utf8mb4 ;
CREATE TABLE `ESTADO_BOLETA` (
  `ID_ESTADO_BOLETA` int(11) NOT NULL AUTO_INCREMENT,
  `NOMBRE_ESTADO_BOLETA` varchar(50) NOT NULL,
  `DESRCIPCION_EST_BOLETA` text NOT NULL,
  PRIMARY KEY (`ID_ESTADO_BOLETA`),
  UNIQUE KEY `ID_ESTADO_BOLETA_UNIQUE` (`ID_ESTADO_BOLETA`)
) ENGINE=InnoDB DEFAULT CHARSET=utf8;
/*!40101 SET character_set_client = @saved_cs_client */;

--
-- Dumping data for table `ESTADO_BOLETA`
--

LOCK TABLES `ESTADO_BOLETA` WRITE;
/*!40000 ALTER TABLE `ESTADO_BOLETA` DISABLE KEYS */;
/*!40000 ALTER TABLE `ESTADO_BOLETA` ENABLE KEYS */;
UNLOCK TABLES;

--
-- Table structure for table `ESTADO_ESTUDIANTE`
--

DROP TABLE IF EXISTS `ESTADO_ESTUDIANTE`;
/*!40101 SET @saved_cs_client     = @@character_set_client */;
 SET character_set_client = utf8mb4 ;
CREATE TABLE `ESTADO_ESTUDIANTE` (
  `ID_ESTADO_ESTUDIANTE` int(11) NOT NULL AUTO_INCREMENT,
  `NOMBRE_ESTADO_ESTUDIANTE` varchar(50) NOT NULL,
  `DESCRIPCION_EST_ESTUDIANTE` text,
  PRIMARY KEY (`ID_ESTADO_ESTUDIANTE`),
  UNIQUE KEY `ID_ESTADO_ESTUDIANTE_UNIQUE` (`ID_ESTADO_ESTUDIANTE`)
) ENGINE=InnoDB AUTO_INCREMENT=7 DEFAULT CHARSET=utf8;
/*!40101 SET character_set_client = @saved_cs_client */;

--
-- Dumping data for table `ESTADO_ESTUDIANTE`
--

LOCK TABLES `ESTADO_ESTUDIANTE` WRITE;
/*!40000 ALTER TABLE `ESTADO_ESTUDIANTE` DISABLE KEYS */;
INSERT INTO `ESTADO_ESTUDIANTE` VALUES (1,'Matriculado',NULL),(2,'En Espera de matricula','Esperando confimacion de matricula'),(3,'Eliminado','Alumno que dejo la universidad'),(4,'Retiro Temporal','Alumno que congelo sus estudios'),(5,'Expulsado',NULL),(6,'Egresado','Alumno que termino su carrera');
/*!40000 ALTER TABLE `ESTADO_ESTUDIANTE` ENABLE KEYS */;
UNLOCK TABLES;

--
-- Table structure for table `ESTADO_PROYECTO`
--

DROP TABLE IF EXISTS `ESTADO_PROYECTO`;
/*!40101 SET @saved_cs_client     = @@character_set_client */;
 SET character_set_client = utf8mb4 ;
CREATE TABLE `ESTADO_PROYECTO` (
  `ID_ESTADO_PROYECTO` int(11) NOT NULL AUTO_INCREMENT,
  `NOMBRE_ESTADO_PROY` varchar(50) NOT NULL,
  `DESCRIPCION_EST_PROYECTO` text NOT NULL,
  PRIMARY KEY (`ID_ESTADO_PROYECTO`),
  UNIQUE KEY `ID_ESTADO_PROYECTO_UNIQUE` (`ID_ESTADO_PROYECTO`)
) ENGINE=InnoDB DEFAULT CHARSET=utf8;
/*!40101 SET character_set_client = @saved_cs_client */;

--
-- Dumping data for table `ESTADO_PROYECTO`
--

LOCK TABLES `ESTADO_PROYECTO` WRITE;
/*!40000 ALTER TABLE `ESTADO_PROYECTO` DISABLE KEYS */;
/*!40000 ALTER TABLE `ESTADO_PROYECTO` ENABLE KEYS */;
UNLOCK TABLES;

--
-- Table structure for table `ESTUDIANTE`
--

DROP TABLE IF EXISTS `ESTUDIANTE`;
/*!40101 SET @saved_cs_client     = @@character_set_client */;
 SET character_set_client = utf8mb4 ;
CREATE TABLE `ESTUDIANTE` (
  `ID_ESTUDIANTE` int(11) NOT NULL AUTO_INCREMENT,
  `ID_DEPARTAMENTO` int(11) NOT NULL,
  `ID_ESTADO_ESTUDIANTE` int(11) NOT NULL,
  `ID_USUARIO` int(11) NOT NULL,
  `NUMERO_MATRICULA` varchar(20) NOT NULL,
  `ANO_INGRESO` int(11) NOT NULL,
  `CARRERA` varchar(100) NOT NULL,
  PRIMARY KEY (`ID_ESTUDIANTE`),
  UNIQUE KEY `ID_ESTUDIANTE_UNIQUE` (`ID_ESTUDIANTE`),
  UNIQUE KEY `ID_USUARIO_UNIQUE` (`ID_USUARIO`),
  KEY `FK_RELATIONSHIP_31` (`ID_DEPARTAMENTO`),
  KEY `FK_RELATIONSHIP_36` (`ID_ESTADO_ESTUDIANTE`),
  CONSTRAINT `FK_RELATIONSHIP_2` FOREIGN KEY (`ID_USUARIO`) REFERENCES `USUARIO` (`ID_USUARIO`),
  CONSTRAINT `FK_RELATIONSHIP_31` FOREIGN KEY (`ID_DEPARTAMENTO`) REFERENCES `DEPARTAMENTO` (`ID_DEPARTAMENTO`),
  CONSTRAINT `FK_RELATIONSHIP_36` FOREIGN KEY (`ID_ESTADO_ESTUDIANTE`) REFERENCES `ESTADO_ESTUDIANTE` (`ID_ESTADO_ESTUDIANTE`)
) ENGINE=InnoDB AUTO_INCREMENT=4 DEFAULT CHARSET=utf8;
/*!40101 SET character_set_client = @saved_cs_client */;

--
-- Dumping data for table `ESTUDIANTE`
--

LOCK TABLES `ESTUDIANTE` WRITE;
/*!40000 ALTER TABLE `ESTUDIANTE` DISABLE KEYS */;
INSERT INTO `ESTUDIANTE` VALUES (1,1,1,1,'12315478-6',2017,'Ingenieria Ejecucion en Computacion e Informatica'),(2,2,1,2,'2548621-k',2019,'Ingenieria Informatica'),(3,4,3,3,'1235458-4',2018,'Analista Programador');
/*!40000 ALTER TABLE `ESTUDIANTE` ENABLE KEYS */;
UNLOCK TABLES;

--
-- Table structure for table `GRUPO_PRIVILEGIO_USUARIO`
--

DROP TABLE IF EXISTS `GRUPO_PRIVILEGIO_USUARIO`;
/*!40101 SET @saved_cs_client     = @@character_set_client */;
 SET character_set_client = utf8mb4 ;
CREATE TABLE `GRUPO_PRIVILEGIO_USUARIO` (
  `ID_GRUPO_PRIVILEGIO_USUARIO` int(11) NOT NULL AUTO_INCREMENT,
  `NOMBRE_GRUPO` varchar(50) NOT NULL,
  PRIMARY KEY (`ID_GRUPO_PRIVILEGIO_USUARIO`),
  UNIQUE KEY `ID_GRUPO_PRIVILEGIO_USUARIO_UNIQUE` (`ID_GRUPO_PRIVILEGIO_USUARIO`)
) ENGINE=InnoDB AUTO_INCREMENT=3 DEFAULT CHARSET=utf8;
/*!40101 SET character_set_client = @saved_cs_client */;

--
-- Dumping data for table `GRUPO_PRIVILEGIO_USUARIO`
--

LOCK TABLES `GRUPO_PRIVILEGIO_USUARIO` WRITE;
/*!40000 ALTER TABLE `GRUPO_PRIVILEGIO_USUARIO` DISABLE KEYS */;
INSERT INTO `GRUPO_PRIVILEGIO_USUARIO` VALUES (1,'Djejfhxqhngpewhlecr'),(2,'Or fafrbbpurtdpyyxscmr');
/*!40000 ALTER TABLE `GRUPO_PRIVILEGIO_USUARIO` ENABLE KEYS */;
UNLOCK TABLES;

--
-- Table structure for table `HABILIDAD`
--

DROP TABLE IF EXISTS `HABILIDAD`;
/*!40101 SET @saved_cs_client     = @@character_set_client */;
 SET character_set_client = utf8mb4 ;
CREATE TABLE `HABILIDAD` (
  `ID_HABILIDAD` int(11) NOT NULL AUTO_INCREMENT,
  `NOMBRE_HABILIDAD` varchar(50) NOT NULL,
  `DESCRIPCION_HABILIDAD` text,
  `DIFICULTAD_HABILIDAD` int(11) NOT NULL DEFAULT '1',
  PRIMARY KEY (`ID_HABILIDAD`),
  UNIQUE KEY `ID_HABILIDAD_UNIQUE` (`ID_HABILIDAD`)
) ENGINE=InnoDB AUTO_INCREMENT=6 DEFAULT CHARSET=utf8;
/*!40101 SET character_set_client = @saved_cs_client */;

--
-- Dumping data for table `HABILIDAD`
--

LOCK TABLES `HABILIDAD` WRITE;
/*!40000 ALTER TABLE `HABILIDAD` DISABLE KEYS */;
INSERT INTO `HABILIDAD` VALUES (1,'Javascript','lenguaje de programacion web',4),(2,'MySQL','Lenguaje Sql para base de datos',5),(3,'HTML5','Lenguaje de programacion para paginas web',2),(4,'Python',NULL,6),(5,'Malbolge','En el infierno de los programadores se trabaja con Malbolge.',10);
/*!40000 ALTER TABLE `HABILIDAD` ENABLE KEYS */;
UNLOCK TABLES;

--
-- Table structure for table `HABILIDAD_ESTUDIANTE`
--

DROP TABLE IF EXISTS `HABILIDAD_ESTUDIANTE`;
/*!40101 SET @saved_cs_client     = @@character_set_client */;
 SET character_set_client = utf8mb4 ;
CREATE TABLE `HABILIDAD_ESTUDIANTE` (
  `ID_HABILIDAD_ESTUDIANTE` int(11) NOT NULL AUTO_INCREMENT,
  `ID_ESTUDIANTE` int(11) NOT NULL,
  `ID_HABILIDAD` int(11) NOT NULL,
  `DOMINIO_HABILIDAD` int(11) NOT NULL,
  `FECHA_ACTUALIZACION_HAB_ESTUDIANTE` datetime DEFAULT NULL,
  PRIMARY KEY (`ID_HABILIDAD_ESTUDIANTE`),
  UNIQUE KEY `ID_HABILIDAD_ESTUDIANTE_UNIQUE` (`ID_HABILIDAD_ESTUDIANTE`),
  KEY `FK_RELATIONSHIP_41` (`ID_ESTUDIANTE`),
  KEY `FK_RELATIONSHIP_42` (`ID_HABILIDAD`),
  CONSTRAINT `FK_RELATIONSHIP_41` FOREIGN KEY (`ID_ESTUDIANTE`) REFERENCES `ESTUDIANTE` (`ID_ESTUDIANTE`),
  CONSTRAINT `FK_RELATIONSHIP_42` FOREIGN KEY (`ID_HABILIDAD`) REFERENCES `HABILIDAD` (`ID_HABILIDAD`)
) ENGINE=InnoDB AUTO_INCREMENT=5 DEFAULT CHARSET=utf8;
/*!40101 SET character_set_client = @saved_cs_client */;

--
-- Dumping data for table `HABILIDAD_ESTUDIANTE`
--

LOCK TABLES `HABILIDAD_ESTUDIANTE` WRITE;
/*!40000 ALTER TABLE `HABILIDAD_ESTUDIANTE` DISABLE KEYS */;
INSERT INTO `HABILIDAD_ESTUDIANTE` VALUES (1,1,3,2,NULL),(2,3,2,4,NULL),(3,1,1,1,NULL),(4,1,4,3,NULL);
/*!40000 ALTER TABLE `HABILIDAD_ESTUDIANTE` ENABLE KEYS */;
UNLOCK TABLES;

--
-- Table structure for table `HABILIDAD_REQUERIDA`
--

DROP TABLE IF EXISTS `HABILIDAD_REQUERIDA`;
/*!40101 SET @saved_cs_client     = @@character_set_client */;
 SET character_set_client = utf8mb4 ;
CREATE TABLE `HABILIDAD_REQUERIDA` (
  `ID_REQUERIMIENTO` int(11) NOT NULL,
  `ID_HABILIDAD` int(11) NOT NULL,
  `TIMEESTAM_HAB_REQ` timestamp NOT NULL DEFAULT CURRENT_TIMESTAMP ON UPDATE CURRENT_TIMESTAMP,
  KEY `FK_RELATIONSHIP_26` (`ID_REQUERIMIENTO`),
  KEY `FK_RELATIONSHIP_27` (`ID_HABILIDAD`),
  CONSTRAINT `FK_RELATIONSHIP_26` FOREIGN KEY (`ID_REQUERIMIENTO`) REFERENCES `REQUERIMIENTO` (`ID_REQUERIMIENTO`),
  CONSTRAINT `FK_RELATIONSHIP_27` FOREIGN KEY (`ID_HABILIDAD`) REFERENCES `HABILIDAD` (`ID_HABILIDAD`)
) ENGINE=InnoDB DEFAULT CHARSET=utf8;
/*!40101 SET character_set_client = @saved_cs_client */;

--
-- Dumping data for table `HABILIDAD_REQUERIDA`
--

LOCK TABLES `HABILIDAD_REQUERIDA` WRITE;
/*!40000 ALTER TABLE `HABILIDAD_REQUERIDA` DISABLE KEYS */;
/*!40000 ALTER TABLE `HABILIDAD_REQUERIDA` ENABLE KEYS */;
UNLOCK TABLES;

--
-- Table structure for table `IMPUESTO`
--

DROP TABLE IF EXISTS `IMPUESTO`;
/*!40101 SET @saved_cs_client     = @@character_set_client */;
 SET character_set_client = utf8mb4 ;
CREATE TABLE `IMPUESTO` (
  `ID_IMPUESTO` int(11) NOT NULL AUTO_INCREMENT,
  `ID_PAIS` int(11) NOT NULL,
  `NOMBRE_IMPUESTO` varchar(50) NOT NULL,
  `PORCENTAJE_IMPUESTO` float NOT NULL,
  `FECHA_ACTUALIZACION_IMPUESTO` datetime DEFAULT NULL,
  PRIMARY KEY (`ID_IMPUESTO`),
  UNIQUE KEY `ID_IMPUESTO_UNIQUE` (`ID_IMPUESTO`),
  KEY `FK_RELATIONSHIP_50` (`ID_PAIS`),
  CONSTRAINT `FK_RELATIONSHIP_50` FOREIGN KEY (`ID_PAIS`) REFERENCES `PAIS` (`ID_PAIS`)
) ENGINE=InnoDB DEFAULT CHARSET=utf8;
/*!40101 SET character_set_client = @saved_cs_client */;

--
-- Dumping data for table `IMPUESTO`
--

LOCK TABLES `IMPUESTO` WRITE;
/*!40000 ALTER TABLE `IMPUESTO` DISABLE KEYS */;
/*!40000 ALTER TABLE `IMPUESTO` ENABLE KEYS */;
UNLOCK TABLES;

--
-- Table structure for table `PAGO`
--

DROP TABLE IF EXISTS `PAGO`;
/*!40101 SET @saved_cs_client     = @@character_set_client */;
 SET character_set_client = utf8mb4 ;
CREATE TABLE `PAGO` (
  `ID_PAGO` int(11) NOT NULL AUTO_INCREMENT,
  `ID_BOLETA` int(11) NOT NULL,
  `MONTO_PAGO` float NOT NULL,
  `FECHA_EMISION` datetime NOT NULL,
  `ESTADO_PAGO` int(11) NOT NULL,
  `SOFT_DELETE_PAGO` tinyint(1) NOT NULL,
  PRIMARY KEY (`ID_PAGO`),
  UNIQUE KEY `ID_PAGO_UNIQUE` (`ID_PAGO`),
  UNIQUE KEY `ID_BOLETA_UNIQUE` (`ID_BOLETA`),
  CONSTRAINT `FK_RELATIONSHIP_23` FOREIGN KEY (`ID_BOLETA`) REFERENCES `BOLETA_FACTURA` (`ID_BOLETA`)
) ENGINE=InnoDB DEFAULT CHARSET=utf8;
/*!40101 SET character_set_client = @saved_cs_client */;

--
-- Dumping data for table `PAGO`
--

LOCK TABLES `PAGO` WRITE;
/*!40000 ALTER TABLE `PAGO` DISABLE KEYS */;
/*!40000 ALTER TABLE `PAGO` ENABLE KEYS */;
UNLOCK TABLES;

--
-- Table structure for table `PAIS`
--

DROP TABLE IF EXISTS `PAIS`;
/*!40101 SET @saved_cs_client     = @@character_set_client */;
 SET character_set_client = utf8mb4 ;
CREATE TABLE `PAIS` (
  `ID_PAIS` int(11) NOT NULL AUTO_INCREMENT,
  `ID_DOCUMENTO` int(11) DEFAULT NULL,
  `NOMBRE_PAIS` varchar(50) NOT NULL,
  PRIMARY KEY (`ID_PAIS`),
  UNIQUE KEY `ID_PAIS_UNIQUE` (`ID_PAIS`),
  KEY `FK_RELATIONSHIP_40` (`ID_DOCUMENTO`),
  CONSTRAINT `FK_RELATIONSHIP_40` FOREIGN KEY (`ID_DOCUMENTO`) REFERENCES `TIPO_DOCUMENTO` (`ID_DOCUMENTO`)
) ENGINE=InnoDB DEFAULT CHARSET=utf8;
/*!40101 SET character_set_client = @saved_cs_client */;

--
-- Dumping data for table `PAIS`
--

LOCK TABLES `PAIS` WRITE;
/*!40000 ALTER TABLE `PAIS` DISABLE KEYS */;
/*!40000 ALTER TABLE `PAIS` ENABLE KEYS */;
UNLOCK TABLES;

--
-- Table structure for table `PRIVILEGIO`
--

DROP TABLE IF EXISTS `PRIVILEGIO`;
/*!40101 SET @saved_cs_client     = @@character_set_client */;
 SET character_set_client = utf8mb4 ;
CREATE TABLE `PRIVILEGIO` (
  `ID_PRIVILEGIO` int(11) NOT NULL AUTO_INCREMENT,
  `NOMBRE_PRIVILEGIO` varchar(50) NOT NULL,
  `DESCRIPCION_PRIVILEGIO` varchar(100) DEFAULT NULL,
  PRIMARY KEY (`ID_PRIVILEGIO`),
  UNIQUE KEY `ID_PRIVILEGIO_UNIQUE` (`ID_PRIVILEGIO`)
) ENGINE=InnoDB DEFAULT CHARSET=utf8;
/*!40101 SET character_set_client = @saved_cs_client */;

--
-- Dumping data for table `PRIVILEGIO`
--

LOCK TABLES `PRIVILEGIO` WRITE;
/*!40000 ALTER TABLE `PRIVILEGIO` DISABLE KEYS */;
/*!40000 ALTER TABLE `PRIVILEGIO` ENABLE KEYS */;
UNLOCK TABLES;

--
-- Table structure for table `PROPUESTA`
--

DROP TABLE IF EXISTS `PROPUESTA`;
/*!40101 SET @saved_cs_client     = @@character_set_client */;
 SET character_set_client = utf8mb4 ;
CREATE TABLE `PROPUESTA` (
  `ID_PROPUESTA` int(11) NOT NULL AUTO_INCREMENT,
  `ID_ACUERDO` int(11) DEFAULT NULL,
  `ID_ESTUDIANTE` int(11) NOT NULL,
  `DESCRIPCION_PROPUESTA` text NOT NULL,
  `FECHA_CREACION_PROPUESTA` datetime NOT NULL,
  `PLAZO_PROPUESTA` int(11) NOT NULL,
  `VALOR_PROPUESTA_USD` float NOT NULL,
  `ESTADO_PROPUESTA` int(11) NOT NULL,
  `SOFT_DELETE_PROPUESTA` tinyint(1) NOT NULL DEFAULT '1',
  PRIMARY KEY (`ID_PROPUESTA`),
  UNIQUE KEY `ID_PROPUESTA_UNIQUE` (`ID_PROPUESTA`),
  UNIQUE KEY `ID_ACUERDO_UNIQUE` (`ID_ACUERDO`),
  KEY `FK_RELATIONSHIP_16` (`ID_ESTUDIANTE`),
  CONSTRAINT `FK_RELATIONSHIP_16` FOREIGN KEY (`ID_ESTUDIANTE`) REFERENCES `ESTUDIANTE` (`ID_ESTUDIANTE`),
  CONSTRAINT `FK_RELATIONSHIP_18` FOREIGN KEY (`ID_ACUERDO`) REFERENCES `ACUERDO` (`ID_ACUERDO`)
) ENGINE=InnoDB DEFAULT CHARSET=utf8;
/*!40101 SET character_set_client = @saved_cs_client */;

--
-- Dumping data for table `PROPUESTA`
--

LOCK TABLES `PROPUESTA` WRITE;
/*!40000 ALTER TABLE `PROPUESTA` DISABLE KEYS */;
/*!40000 ALTER TABLE `PROPUESTA` ENABLE KEYS */;
UNLOCK TABLES;

--
-- Table structure for table `PROYECTO`
--

DROP TABLE IF EXISTS `PROYECTO`;
/*!40101 SET @saved_cs_client     = @@character_set_client */;
 SET character_set_client = utf8mb4 ;
CREATE TABLE `PROYECTO` (
  `ID_PROYECTO` int(11) NOT NULL AUTO_INCREMENT,
  `ID_CATEGORIA_PROYECTO` int(11) NOT NULL,
  `ID_REPRESENTANTE` int(11) NOT NULL,
  `ID_ESTADO_PROYECTO` int(11) NOT NULL,
  `NOMBRE_PROYECTO` varchar(50) NOT NULL,
  `FECHA__CREACION_PROYECTO` datetime NOT NULL,
  `DESCRIPCION_PROYECTO` text NOT NULL,
  `PLAZO_MAXIMO` int(11) NOT NULL,
  `PLAZO_MINIMO` int(11) DEFAULT NULL,
  `FECHA_ACTUALIZAION_PROYECTO` datetime DEFAULT NULL,
  `SOFT_DELETE_PROYECTO` tinyint(1) NOT NULL DEFAULT '1',
  PRIMARY KEY (`ID_PROYECTO`),
  UNIQUE KEY `ID_PROYECTO_UNIQUE` (`ID_PROYECTO`),
  KEY `FK_RELATIONSHIP_17` (`ID_REPRESENTANTE`),
  KEY `FK_RELATIONSHIP_34` (`ID_CATEGORIA_PROYECTO`),
  KEY `FK_RELATIONSHIP_38` (`ID_ESTADO_PROYECTO`),
  CONSTRAINT `FK_RELATIONSHIP_17` FOREIGN KEY (`ID_REPRESENTANTE`) REFERENCES `REPRESENTANTE` (`ID_REPRESENTANTE`),
  CONSTRAINT `FK_RELATIONSHIP_34` FOREIGN KEY (`ID_CATEGORIA_PROYECTO`) REFERENCES `CATEGORIA_PROYECTO` (`ID_CATEGORIA_PROYECTO`),
  CONSTRAINT `FK_RELATIONSHIP_38` FOREIGN KEY (`ID_ESTADO_PROYECTO`) REFERENCES `ESTADO_PROYECTO` (`ID_ESTADO_PROYECTO`)
) ENGINE=InnoDB DEFAULT CHARSET=utf8;
/*!40101 SET character_set_client = @saved_cs_client */;

--
-- Dumping data for table `PROYECTO`
--

LOCK TABLES `PROYECTO` WRITE;
/*!40000 ALTER TABLE `PROYECTO` DISABLE KEYS */;
/*!40000 ALTER TABLE `PROYECTO` ENABLE KEYS */;
UNLOCK TABLES;

--
-- Table structure for table `RANGO_COSTO_CATEGORIA`
--

DROP TABLE IF EXISTS `RANGO_COSTO_CATEGORIA`;
/*!40101 SET @saved_cs_client     = @@character_set_client */;
 SET character_set_client = utf8mb4 ;
CREATE TABLE `RANGO_COSTO_CATEGORIA` (
  `ID_RANGO_COSTO` int(11) NOT NULL AUTO_INCREMENT,
  `ID_COMISION` int(11) NOT NULL,
  `NOMBRE_RANGO` varchar(50) NOT NULL,
  `VALOR_MINIMO_USD` float NOT NULL,
  `VALOR_MAXIMO_USD` float NOT NULL,
  `DESCRIPCION_RANGO_COSTO` text,
  PRIMARY KEY (`ID_RANGO_COSTO`),
  UNIQUE KEY `ID_RANGO_COSTO_UNIQUE` (`ID_RANGO_COSTO`),
  KEY `FK_RELATIONSHIP_46` (`ID_COMISION`),
  CONSTRAINT `FK_RELATIONSHIP_46` FOREIGN KEY (`ID_COMISION`) REFERENCES `COMISION_RANGO_PROYECTO` (`ID_COMISION`)
) ENGINE=InnoDB DEFAULT CHARSET=utf8;
/*!40101 SET character_set_client = @saved_cs_client */;

--
-- Dumping data for table `RANGO_COSTO_CATEGORIA`
--

LOCK TABLES `RANGO_COSTO_CATEGORIA` WRITE;
/*!40000 ALTER TABLE `RANGO_COSTO_CATEGORIA` DISABLE KEYS */;
/*!40000 ALTER TABLE `RANGO_COSTO_CATEGORIA` ENABLE KEYS */;
UNLOCK TABLES;

--
-- Table structure for table `REGION_ESTADO`
--

DROP TABLE IF EXISTS `REGION_ESTADO`;
/*!40101 SET @saved_cs_client     = @@character_set_client */;
 SET character_set_client = utf8mb4 ;
CREATE TABLE `REGION_ESTADO` (
  `ID_REGION` int(11) NOT NULL AUTO_INCREMENT,
  `ID_PAIS` int(11) NOT NULL,
  `NOMBRE_REGION` varchar(50) NOT NULL,
  `CODIGO_REGION` varchar(20) NOT NULL,
  PRIMARY KEY (`ID_REGION`),
  UNIQUE KEY `ID_REGION_UNIQUE` (`ID_REGION`),
  KEY `FK_RELATIONSHIP_11` (`ID_PAIS`),
  CONSTRAINT `FK_RELATIONSHIP_11` FOREIGN KEY (`ID_PAIS`) REFERENCES `PAIS` (`ID_PAIS`)
) ENGINE=InnoDB DEFAULT CHARSET=utf8;
/*!40101 SET character_set_client = @saved_cs_client */;

--
-- Dumping data for table `REGION_ESTADO`
--

LOCK TABLES `REGION_ESTADO` WRITE;
/*!40000 ALTER TABLE `REGION_ESTADO` DISABLE KEYS */;
/*!40000 ALTER TABLE `REGION_ESTADO` ENABLE KEYS */;
UNLOCK TABLES;

--
-- Table structure for table `REPRESENTANTE`
--

DROP TABLE IF EXISTS `REPRESENTANTE`;
/*!40101 SET @saved_cs_client     = @@character_set_client */;
 SET character_set_client = utf8mb4 ;
CREATE TABLE `REPRESENTANTE` (
  `ID_REPRESENTANTE` int(11) NOT NULL AUTO_INCREMENT,
  `ID_USUARIO` int(11) NOT NULL,
  `ID_CARGO` int(11) NOT NULL,
  `ID_EMPRESA` int(11) DEFAULT NULL,
  `ESTADO_REPRESENTANTE` tinyint(1) NOT NULL,
  PRIMARY KEY (`ID_REPRESENTANTE`),
  UNIQUE KEY `ID_REPRESENTANTE_UNIQUE` (`ID_REPRESENTANTE`),
  UNIQUE KEY `ID_USUARIO_UNIQUE` (`ID_USUARIO`),
  KEY `FK_RELATIONSHIP_4` (`ID_EMPRESA`),
  KEY `FK_RELATIONSHIP_51` (`ID_CARGO`),
  CONSTRAINT `FK_RELATIONSHIP_3` FOREIGN KEY (`ID_USUARIO`) REFERENCES `USUARIO` (`ID_USUARIO`),
  CONSTRAINT `FK_RELATIONSHIP_4` FOREIGN KEY (`ID_EMPRESA`) REFERENCES `EMPRESA` (`ID_EMPRESA`),
  CONSTRAINT `FK_RELATIONSHIP_51` FOREIGN KEY (`ID_CARGO`) REFERENCES `CARGO` (`ID_CARGO`)
) ENGINE=InnoDB AUTO_INCREMENT=3 DEFAULT CHARSET=utf8;
/*!40101 SET character_set_client = @saved_cs_client */;

--
-- Dumping data for table `REPRESENTANTE`
--

LOCK TABLES `REPRESENTANTE` WRITE;
/*!40000 ALTER TABLE `REPRESENTANTE` DISABLE KEYS */;
INSERT INTO `REPRESENTANTE` VALUES (1,3,2,NULL,1),(2,4,4,1,1);
/*!40000 ALTER TABLE `REPRESENTANTE` ENABLE KEYS */;
UNLOCK TABLES;

--
-- Table structure for table `REQUERIMIENTO`
--

DROP TABLE IF EXISTS `REQUERIMIENTO`;
/*!40101 SET @saved_cs_client     = @@character_set_client */;
 SET character_set_client = utf8mb4 ;
CREATE TABLE `REQUERIMIENTO` (
  `ID_REQUERIMIENTO` int(11) NOT NULL AUTO_INCREMENT,
  `ID_PROYECTO` int(11) NOT NULL,
  `DESRIPCION_REQUERIMIENTO` text NOT NULL,
  `DIFICULTAD_REQUERIMIENTO` int(11) NOT NULL DEFAULT '1',
  PRIMARY KEY (`ID_REQUERIMIENTO`),
  UNIQUE KEY `ID_REQUERIMIENTO_UNIQUE` (`ID_REQUERIMIENTO`),
  KEY `FK_RELATIONSHIP_25` (`ID_PROYECTO`),
  CONSTRAINT `FK_RELATIONSHIP_25` FOREIGN KEY (`ID_PROYECTO`) REFERENCES `PROYECTO` (`ID_PROYECTO`)
) ENGINE=InnoDB DEFAULT CHARSET=utf8;
/*!40101 SET character_set_client = @saved_cs_client */;

--
-- Dumping data for table `REQUERIMIENTO`
--

LOCK TABLES `REQUERIMIENTO` WRITE;
/*!40000 ALTER TABLE `REQUERIMIENTO` DISABLE KEYS */;
/*!40000 ALTER TABLE `REQUERIMIENTO` ENABLE KEYS */;
UNLOCK TABLES;

--
-- Table structure for table `TEST_RANKING`
--

DROP TABLE IF EXISTS `TEST_RANKING`;
/*!40101 SET @saved_cs_client     = @@character_set_client */;
 SET character_set_client = utf8mb4 ;
CREATE TABLE `TEST_RANKING` (
  `ID_TEST_RANKING` int(11) NOT NULL AUTO_INCREMENT,
  `ID_ESTUDIANTE` int(11) NOT NULL,
  `NOMBRE_RANKING` varchar(50) NOT NULL,
  `APROBACION` tinyint(1) DEFAULT NULL,
  PRIMARY KEY (`ID_TEST_RANKING`),
  UNIQUE KEY `ID_TEST_RANKING_UNIQUE` (`ID_TEST_RANKING`),
  KEY `FK_RELATIONSHIP_8` (`ID_ESTUDIANTE`),
  CONSTRAINT `FK_RELATIONSHIP_8` FOREIGN KEY (`ID_ESTUDIANTE`) REFERENCES `ESTUDIANTE` (`ID_ESTUDIANTE`)
) ENGINE=InnoDB DEFAULT CHARSET=utf8;
/*!40101 SET character_set_client = @saved_cs_client */;

--
-- Dumping data for table `TEST_RANKING`
--

LOCK TABLES `TEST_RANKING` WRITE;
/*!40000 ALTER TABLE `TEST_RANKING` DISABLE KEYS */;
/*!40000 ALTER TABLE `TEST_RANKING` ENABLE KEYS */;
UNLOCK TABLES;

--
-- Table structure for table `TIPO_DOCUMENTO`
--

DROP TABLE IF EXISTS `TIPO_DOCUMENTO`;
/*!40101 SET @saved_cs_client     = @@character_set_client */;
 SET character_set_client = utf8mb4 ;
CREATE TABLE `TIPO_DOCUMENTO` (
  `ID_DOCUMENTO` int(11) NOT NULL AUTO_INCREMENT,
  `ID_USUARIO` int(11) NOT NULL,
  `ID_PAIS` int(11) NOT NULL,
  `NOMBRE_TIPO` varchar(50) NOT NULL,
  `NUMERO_DOCUMENTO` varchar(50) NOT NULL,
  PRIMARY KEY (`ID_DOCUMENTO`),
  UNIQUE KEY `ID_DOCUMENTO_UNIQUE` (`ID_DOCUMENTO`),
  KEY `FK_RELATIONSHIP_1` (`ID_USUARIO`),
  KEY `FK_RELATIONSHIP_39` (`ID_PAIS`),
  CONSTRAINT `FK_RELATIONSHIP_1` FOREIGN KEY (`ID_USUARIO`) REFERENCES `USUARIO` (`ID_USUARIO`),
  CONSTRAINT `FK_RELATIONSHIP_39` FOREIGN KEY (`ID_PAIS`) REFERENCES `PAIS` (`ID_PAIS`)
) ENGINE=InnoDB DEFAULT CHARSET=utf8;
/*!40101 SET character_set_client = @saved_cs_client */;

--
-- Dumping data for table `TIPO_DOCUMENTO`
--

LOCK TABLES `TIPO_DOCUMENTO` WRITE;
/*!40000 ALTER TABLE `TIPO_DOCUMENTO` DISABLE KEYS */;
/*!40000 ALTER TABLE `TIPO_DOCUMENTO` ENABLE KEYS */;
UNLOCK TABLES;

--
-- Table structure for table `TIPO_TEST_RANKING`
--

DROP TABLE IF EXISTS `TIPO_TEST_RANKING`;
/*!40101 SET @saved_cs_client     = @@character_set_client */;
 SET character_set_client = utf8mb4 ;
CREATE TABLE `TIPO_TEST_RANKING` (
  `ID_TIPO_TEST_RANKING` int(11) NOT NULL AUTO_INCREMENT,
  `ID_TEST_RANKING` int(11) NOT NULL,
  `TIPO_CONVERSION_RANKNG` varchar(50) NOT NULL,
  `VALOR_RANKING` varchar(20) NOT NULL,
  `VALOR_CONVERTIDO` int(11) NOT NULL,
  PRIMARY KEY (`ID_TIPO_TEST_RANKING`),
  UNIQUE KEY `ID_TIPO_TEST_RANKING_UNIQUE` (`ID_TIPO_TEST_RANKING`),
  KEY `FK_RELATIONSHIP_47` (`ID_TEST_RANKING`),
  CONSTRAINT `FK_RELATIONSHIP_47` FOREIGN KEY (`ID_TEST_RANKING`) REFERENCES `TEST_RANKING` (`ID_TEST_RANKING`)
) ENGINE=InnoDB DEFAULT CHARSET=utf8;
/*!40101 SET character_set_client = @saved_cs_client */;

--
-- Dumping data for table `TIPO_TEST_RANKING`
--

LOCK TABLES `TIPO_TEST_RANKING` WRITE;
/*!40000 ALTER TABLE `TIPO_TEST_RANKING` DISABLE KEYS */;
/*!40000 ALTER TABLE `TIPO_TEST_RANKING` ENABLE KEYS */;
UNLOCK TABLES;

--
-- Table structure for table `TUTORIAL`
--

DROP TABLE IF EXISTS `TUTORIAL`;
/*!40101 SET @saved_cs_client     = @@character_set_client */;
 SET character_set_client = utf8mb4 ;
CREATE TABLE `TUTORIAL` (
  `ID_TUTORIAL` int(11) NOT NULL,
  `ID_HABILIDAD` int(11) NOT NULL,
  `NOMBRE_TUTORIAL` varchar(50) NOT NULL,
  `DIFICULTAD` int(11) NOT NULL DEFAULT '1',
  `URL_TUTORIAL` varchar(2083) NOT NULL,
  PRIMARY KEY (`ID_TUTORIAL`),
  UNIQUE KEY `ID_TUTORIAL_UNIQUE` (`ID_TUTORIAL`),
  KEY `FK_RELATIONSHIP_30` (`ID_HABILIDAD`),
  CONSTRAINT `FK_RELATIONSHIP_30` FOREIGN KEY (`ID_HABILIDAD`) REFERENCES `HABILIDAD` (`ID_HABILIDAD`)
) ENGINE=InnoDB DEFAULT CHARSET=utf8;
/*!40101 SET character_set_client = @saved_cs_client */;

--
-- Dumping data for table `TUTORIAL`
--

LOCK TABLES `TUTORIAL` WRITE;
/*!40000 ALTER TABLE `TUTORIAL` DISABLE KEYS */;
/*!40000 ALTER TABLE `TUTORIAL` ENABLE KEYS */;
UNLOCK TABLES;

--
-- Table structure for table `UNIVERSIDAD`
--

DROP TABLE IF EXISTS `UNIVERSIDAD`;
/*!40101 SET @saved_cs_client     = @@character_set_client */;
 SET character_set_client = utf8mb4 ;
CREATE TABLE `UNIVERSIDAD` (
  `ID_UNIVERSIDAD` int(11) NOT NULL AUTO_INCREMENT,
  `NOMBRE_UNIVERSIDAD` varchar(50) NOT NULL,
  PRIMARY KEY (`ID_UNIVERSIDAD`),
  UNIQUE KEY `ID_UNIVERSIDAD_UNIQUE` (`ID_UNIVERSIDAD`)
) ENGINE=InnoDB AUTO_INCREMENT=3 DEFAULT CHARSET=utf8;
/*!40101 SET character_set_client = @saved_cs_client */;

--
-- Dumping data for table `UNIVERSIDAD`
--

LOCK TABLES `UNIVERSIDAD` WRITE;
/*!40000 ALTER TABLE `UNIVERSIDAD` DISABLE KEYS */;
INSERT INTO `UNIVERSIDAD` VALUES (1,'Universidad de Santiago de Chile'),(2,'Universidad APLAPLAC');
/*!40000 ALTER TABLE `UNIVERSIDAD` ENABLE KEYS */;
UNLOCK TABLES;

--
-- Table structure for table `USUARIO`
--

DROP TABLE IF EXISTS `USUARIO`;
/*!40101 SET @saved_cs_client     = @@character_set_client */;
 SET character_set_client = utf8mb4 ;
CREATE TABLE `USUARIO` (
  `ID_USUARIO` int(11) NOT NULL AUTO_INCREMENT,
  `NOMBRE` varchar(50) NOT NULL,
  `APELLIDO_PATERNO` varchar(50) NOT NULL,
  `APELLIDO_MATERNO` varchar(50) NOT NULL,
  `CORREO_ELECTRONICO` varchar(100) NOT NULL,
  `TELEFONO` varchar(50) NOT NULL,
  `GENERO` char(1) NOT NULL,
  `CONTRASENA` varchar(20) NOT NULL,
  `FECHA_NACIMIENTO` date NOT NULL,
  `FECHA_INGRESO_USUARIO` datetime NOT NULL,
  `FECHA_ACTUALIZACION_USUARIO` datetime DEFAULT NULL,
  `SOFT_DELETE_USUARIO` tinyint(1) NOT NULL DEFAULT '1',
  PRIMARY KEY (`ID_USUARIO`),
  UNIQUE KEY `ID_USUARIO_UNIQUE` (`ID_USUARIO`)
) ENGINE=InnoDB AUTO_INCREMENT=7 DEFAULT CHARSET=utf8;
/*!40101 SET character_set_client = @saved_cs_client */;

--
-- Dumping data for table `USUARIO`
--

LOCK TABLES `USUARIO` WRITE;
/*!40000 ALTER TABLE `USUARIO` DISABLE KEYS */;
INSERT INTO `USUARIO` VALUES (1,'Juan','gomez','perez','abc@abc.cl','+56987213241','M','Qbkglrelyrldgpawlv','2000-09-08','2018-12-25 09:14:33','2019-01-03 15:03:00',1),(2,'Marcos','salazar','aranda','Msaara@uni.cl','+56978945612','M','Vdqtorfatfsvf','1995-06-29','2018-05-02 12:35:15','2018-06-07 09:10:15',1),(3,'Karim','Abdul','Yabar','kaabya@uni.cl','+56987411225','O','Expqqjwehauxud','1998-01-21','2018-05-09 02:37:16','2018-12-01 21:15:04',1),(4,'Claudia','martinez','lopez','clamarlo@hotmail.com','+56222587412','F','Itqkuptu mnpuw','2001-01-01','2018-08-09 06:21:36','2019-03-13 06:27:14',1),(5,'Manuela','tabares','tejo','matate@uni.cl','+56236589741','F','Olaftnixxqjtiyadhi','1999-03-24','2018-01-01 00:00:00','2018-01-01 00:00:00',0),(6,'Joaquin','alveol','gonzales','joalgon@abc.cl','+56892114561','M','dqowiue98asdwq','1999-05-05','2019-02-06 11:55:23',NULL,1);
/*!40000 ALTER TABLE `USUARIO` ENABLE KEYS */;
UNLOCK TABLES;
/*!40103 SET TIME_ZONE=@OLD_TIME_ZONE */;

/*!40101 SET SQL_MODE=@OLD_SQL_MODE */;
/*!40014 SET FOREIGN_KEY_CHECKS=@OLD_FOREIGN_KEY_CHECKS */;
/*!40014 SET UNIQUE_CHECKS=@OLD_UNIQUE_CHECKS */;
/*!40101 SET CHARACTER_SET_CLIENT=@OLD_CHARACTER_SET_CLIENT */;
/*!40101 SET CHARACTER_SET_RESULTS=@OLD_CHARACTER_SET_RESULTS */;
/*!40101 SET COLLATION_CONNECTION=@OLD_COLLATION_CONNECTION */;
/*!40111 SET SQL_NOTES=@OLD_SQL_NOTES */;

-- Dump completed on 2019-06-18 16:14:17
